line_item,FY21,FY22,FY23,FY24,FY25,FY26
rev,612.0,758.0,874.0,1006.0,1172.0,1318.0
mat,391.7,507.9,575.1,635.8,754.8,858.0
emp,62.4,69.7,79.5,90.5,103.1,117.3
sbc,0.0,0.0,0.0,0.8,2.0,2.4
oth,78.3,89.4,104.9,124.7,141.8,160.8
ebitda,79.6,91.0,114.5,155.0,172.3,181.9
dep_ppe,21.2,22.3,23.8,25.8,37.0,39.6
rou_amort,3.3,3.5,3.6,4.1,4.3,4.7
int_amort,2.0,2.0,2.5,3.0,3.0,3.5
da,26.5,27.8,29.9,32.9,44.3,47.8
ebit,53.1,63.2,84.6,122.1,128.0,134.1
other_income,5.0,6.2,7.4,6.9,4.5,3.9
debt_int,5.7,5.2,7.3,12.3,14.9,15.6
lease_int,1.1,1.1,1.1,1.2,1.4,1.4
fin_cost,6.8,6.3,8.4,13.5,16.3,17.0
exceptional,-7.5,0.0,0.0,0.0,14.0,0.0
pbt,43.8,63.1,83.6,115.5,130.2,121.0
current_tax,10.0,14.9,20.0,26.1,31.8,29.5
deferred_tax,1.0,1.0,1.0,3.0,1.0,1.0
tax,11.0,15.9,21.0,29.1,32.8,30.5
pat,32.8,47.2,62.6,86.4,97.4,90.5
gross_block,450.0,480.0,518.0,734.0,780.0,830.0
acc_dep,186.2,208.5,232.3,258.1,295.1,334.7
net_block,263.8,271.5,285.7,475.9,484.9,495.3
cwip,4.0,6.0,68.0,0.0,4.0,2.0
rou,11.7,12.2,12.6,14.5,15.2,16.5
intangibles,6.0,6.0,6.5,6.5,7.5,8.0
inventory,88.0,103.0,119.7,130.6,161.3,188.1
receivables,107.3,118.4,146.1,192.9,269.7,346.7
oca,18.4,22.7,26.2,30.2,35.2,39.5
cash,61.8,64.0,77.1,46.1,28.0,32.5
cur_inv,30.0,45.0,25.0,20.0,30.0,15.0
total_assets,591.0,648.8,766.9,916.7,1035.8,1143.6
share_capital,30.0,30.0,30.0,30.0,30.0,30.0
other_equity,367.8,406.0,456.6,528.8,607.2,676.1
equity,397.8,436.0,486.6,558.8,637.2,706.1
lt_debt,28.0,20.0,70.0,132.0,112.0,92.0
st_debt,36.0,42.0,38.0,30.0,58.0,96.0
lease_liab,12.8,13.4,13.9,15.9,16.7,18.2
payables,70.8,83.5,97.7,109.7,132.3,143.4
ocl,30.6,37.9,43.7,50.3,58.6,65.9
dtl,15.0,16.0,17.0,20.0,21.0,22.0
total_le,591.0,648.8,766.9,916.7,1035.8,1143.6
op_before_wc,72.1,91.0,114.5,155.8,174.3,184.3
d_inv,2.0,15.0,16.7,10.9,30.7,26.8
d_rec,11.3,11.1,27.7,46.8,76.8,77.0
d_oca,-0.6,4.3,3.5,4.0,5.0,4.3
d_pay,2.8,12.7,14.2,12.0,22.6,11.1
d_ocl,-1.4,7.3,5.8,6.6,8.3,7.3
wc_change,-11.3,-10.4,-27.9,-43.1,-81.6,-89.7
cfo,50.8,65.7,66.6,86.6,60.9,65.1
capex_ppe,16.0,32.0,100.0,148.0,54.0,48.0
capex_int,2.0,2.0,3.0,3.0,4.0,4.0
d_cur_inv,-10.0,15.0,-20.0,-5.0,10.0,-15.0
asset_sale,0.0,0.0,0.0,0.0,18.0,0.0
cfi,-3.0,-42.8,-75.6,-139.1,-45.5,-33.1
d_lt,-7.0,-8.0,50.0,62.0,-20.0,-20.0
d_st,6.0,6.0,-4.0,-8.0,28.0,38.0
lease_payment,4.3,4.5,4.6,5.2,5.6,5.9
dividends,9.0,9.0,12.0,15.0,21.0,24.0
cff,-20.0,-20.7,22.1,21.5,-33.5,-27.5
net_cash,27.8,2.2,13.1,-31.0,-18.1,4.5
